Customer_ID,Segment,Income,Balance,Account_Type
CUST0001,"Mass Market",1459491.22,797698.34,Current
CUST0002,"Mass Market",1237383.44,508319.37,NRI
CUST0003,"Mid Tier",587562.83,783775.91,Current
CUST0004,"Mass Market",2250529.27,304358.30,NRI
CUST0005,"High Value",1289526.23,1209709.85,Savings
CUST0006,"Mid Tier",728169.53,286807.66,Salary
CUST0007,"Mass Market",1109070.57,136599.77,Savings
CUST0008,"Mass Market",1211085.46,660006.58,NRI
CUST0009,"High Value",2120583.37,990878.08,NRI
CUST0010,"Mass Market",1913951.64,662198.07,NRI
CUST0011,"Mass Market",1992470.77,422363.66,Current
CUST0012,"Mass Market",324268.78,841675.06,Salary
CUST0013,"Mass Market",1215538.80,527033.48,Salary
CUST0014,"High Value",1358957.13,1399972.86,NRI
CUST0015,"Mass Market",342223.01,1384741.26,NRI
CUST0016,"Mid Tier",871589.06,758534.01,Current
CUST0017,"Mass Market",1972637.61,498547.15,Savings
CUST0018,"Mid Tier",601641.35,1108327.30,Savings
CUST0019,"Mass Market",1477682.29,64702.29,Salary
CUST0020,"Mid Tier",773444.12,717405.82,Current
CUST0021,"Mass Market",326665.70,511121.86,NRI
CUST0022,"Mid Tier",830643.21,1381598.47,Salary
CUST0023,"Mass Market",2446922.26,27884.51,Current
CUST0024,"High Value",2063381.65,833694.16,Savings
CUST0025,"High Value",2411068.62,1113588.74,Current
CUST0026,"Mass Market",1373278.90,732676.80,Savings
CUST0027,"Mid Tier",541419.64,137250.51,Current
CUST0028,"High Value",1505510.88,1458967.47,Salary
CUST0029,"Mass Market",1299630.14,781835.54,Savings
CUST0030,"High Value",2157585.58,925137.50,Salary
CUST0031,"Mid Tier",515781.68,362548.58,Salary
CUST0032,"Mass Market",1374130.50,730412.15,Savings
CUST0033,"Mid Tier",630107.06,649432.74,Savings
CUST0034,"Mass Market",1014287.04,121594.80,NRI
CUST0035,"Mass Market",1922185.57,168178.93,NRI
CUST0036,"High Value",1347239.88,1257834.05,NRI
CUST0037,"Mass Market",1126954.23,367331.73,Salary
CUST0038,"Mass Market",1167847.81,300487.82,Salary
CUST0039,"Mass Market",1310782.89,762318.06,NRI
CUST0040,"High Value",2027036.40,1155433.23,Salary
CUST0041,"Mass Market",2262586.32,102300.31,Salary
CUST0042,"High Value",2401736.31,869443.80,Savings
CUST0043,"Mass Market",2031187.45,187623.56,Savings
CUST0044,"Mid Tier",993895.17,64326.97,Salary
CUST0045,"Mass Market",1813896.35,88588.49,NRI
CUST0046,"High Value",1262726.87,1252904.52,Current
CUST0047,"Mid Tier",860275.37,185779.00,NRI
CUST0048,"Mass Market",2149917.47,77275.53,Current
CUST0049,"Mass Market",384537.97,662470.83,NRI
CUST0050,"High Value",2283876.38,1267550.27,Savings
CUST0051,"Mass Market",1315250.42,400988.48,Salary
CUST0052,"Mass Market",1701843.25,638351.80,Salary
CUST0053,"Mass Market",1750578.63,69484.57,Savings
CUST0054,"Mass Market",2269259.03,679126.99,Current
CUST0055,"High Value",1700673.30,870643.49,Current
CUST0056,"High Value",1650653.89,860651.51,Current
CUST0057,"Mass Market",446634.49,505315.77,Savings
CUST0058,"Mass Market",1440497.65,480144.44,Current
CUST0059,"Mid Tier",630371.80,168869.19,Savings
CUST0060,"Mass Market",1922354.29,556529.50,NRI
CUST0061,"Mass Market",1426888.23,158247.06,NRI
CUST0062,"High Value",1796501.11,1152227.96,Savings
CUST0063,"Mass Market",391680.38,1449748.70,Salary
CUST0064,"Mass Market",486542.44,1455410.94,NRI
CUST0065,"High Value",1875911.45,1298955.94,Current
CUST0066,"Mass Market",458585.54,905180.30,Savings
CUST0067,"Mass Market",456764.80,1054289.89,Current
CUST0068,"Mass Market",326638.65,434956.65,Current
CUST0069,"High Value",2404303.08,949847.93,Salary
CUST0070,"Mass Market",1922518.39,688917.83,Current
CUST0071,"Mass Market",1077153.10,728205.84,Salary
CUST0072,"Mid Tier",952378.28,1139087.07,NRI
CUST0073,"Mass Market",1069347.11,430058.35,Savings
CUST0074,"Mass Market",2004237.77,483879.02,Current
CUST0075,"High Value",1755015.34,1387716.27,Savings
CUST0076,"Mid Tier",707430.25,93774.20,Current
CUST0077,"Mid Tier",683040.54,733595.10,Savings
CUST0078,"Mid Tier",516470.43,1370073.19,Current
CUST0079,"High Value",1752665.98,919440.88,Current
CUST0080,"High Value",1981619.86,824146.54,Current
CUST0081,"Mid Tier",883102.14,382118.83,Current
CUST0082,"Mass Market",346078.91,521480.48,Current
CUST0083,"Mass Market",480777.67,1279552.14,Current
CUST0084,"High Value",2429292.08,843235.02,Current
CUST0085,"Mid Tier",949978.51,776965.87,Current
CUST0086,"Mass Market",1992290.93,158373.77,Current
CUST0087,"Mass Market",1674259.85,33881.95,Savings
CUST0088,"High Value",1140267.21,1445890.93,Salary
CUST0089,"Mid Tier",752511.98,571709.39,Current
CUST0090,"Mid Tier",567050.12,908787.46,Salary
CUST0091,"Mass Market",1653028.53,128775.46,Current
CUST0092,"High Value",2004194.32,1027840.29,Current
CUST0093,"High Value",1716589.36,1399524.40,Savings
CUST0094,"High Value",1466664.69,867741.23,NRI
CUST0095,"Mass Market",392292.69,197911.83,NRI
CUST0096,"High Value",2430675.31,876765.08,Savings
CUST0097,"High Value",2057171.22,1151857.35,Salary
CUST0098,"Mid Tier",944208.48,615560.64,NRI
CUST0099,"High Value",2455934.72,1320958.24,Savings
CUST0100,"High Value",1624139.50,976537.60,Savings
CUST0101,"High Value",1581329.85,1349880.89,NRI
CUST0102,"High Value",1945760.99,939022.91,Salary
CUST0103,"Mass Market",2085893.53,205619.08,Savings
CUST0104,"Mass Market",1744252.94,471440.65,Current
CUST0105,"Mid Tier",581810.64,310674.47,Salary
CUST0106,"High Value",1044188.51,1364151.48,Salary
CUST0107,"High Value",2341784.01,1142996.10,NRI
CUST0108,"Mid Tier",794154.35,1017833.57,NRI
CUST0109,"Mass Market",1118767.45,458439.82,Current
CUST0110,"Mass Market",1250569.14,284226.71,Savings
CUST0111,"High Value",1266690.98,1137112.12,NRI
CUST0112,"Mass Market",1648467.08,716495.34,NRI
CUST0113,"Mass Market",2374766.84,346426.43,Salary
CUST0114,"Mid Tier",829523.97,928766.75,NRI
CUST0115,"Mid Tier",567303.03,70097.44,NRI
CUST0116,"Mid Tier",734435.08,495993.68,NRI
CUST0117,"Mass Market",2251234.78,708149.92,NRI
CUST0118,"Mass Market",1720783.79,230457.92,Salary
CUST0119,"Mid Tier",928994.94,1477135.17,Current
CUST0120,"Mass Market",2095083.27,321555.07,Current
CUST0121,"Mass Market",2195013.99,204226.16,Savings
CUST0122,"Mass Market",2162331.55,313266.96,NRI
CUST0123,"High Value",2321638.37,1155901.09,Salary
CUST0124,"Mid Tier",854930.24,644003.43,Savings
CUST0125,"High Value",1961092.24,852469.75,Savings
CUST0126,"Mass Market",1313186.89,41303.64,Current
CUST0127,"Mass Market",2152396.82,61302.65,Salary
CUST0128,"Mass Market",1902679.49,674280.07,Salary
CUST0129,"High Value",2008184.38,1226816.31,Salary
CUST0130,"High Value",1743556.04,1329005.93,Current
CUST0131,"Mid Tier",690343.29,139192.79,Current
CUST0132,"High Value",1499059.22,812161.02,Current
CUST0133,"High Value",2466273.43,1370712.23,Current
CUST0134,"Mass Market",2362253.75,588079.40,Current
CUST0135,"Mass Market",394982.22,1246053.09,NRI
CUST0136,"Mid Tier",662592.59,209206.53,NRI
CUST0137,"Mid Tier",589803.30,1403737.79,Salary
CUST0138,"High Value",1897155.80,1129620.74,Savings
CUST0139,"High Value",2099127.73,1412588.25,Salary
CUST0140,"Mid Tier",769725.01,1018159.68,Savings
CUST0141,"Mass Market",1412875.92,551471.86,Current
CUST0142,"High Value",2149546.66,1407889.95,Savings
CUST0143,"Mass Market",1912163.40,420594.50,Salary
CUST0144,"Mass Market",1492921.85,504937.06,Salary
CUST0145,"High Value",1598764.92,1054204.54,Savings
CUST0146,"High Value",1418393.20,1150321.29,NRI
CUST0147,"Mid Tier",954606.59,1394811.19,Current
CUST0148,"Mass Market",1543048.38,315155.59,Current
CUST0149,"High Value",1815547.66,1199017.07,Salary
CUST0150,"High Value",2221310.41,1110433.62,NRI
CUST0151,"Mass Market",1699840.98,105053.89,Savings
CUST0152,"Mass Market",1974467.38,586962.48,Current
CUST0153,"Mid Tier",652157.60,431320.53,NRI
CUST0154,"Mass Market",1315426.44,463690.73,Current
CUST0155,"Mass Market",320529.56,1474590.85,NRI
CUST0156,"Mid Tier",842693.50,967738.35,NRI
CUST0157,"High Value",1898215.77,1079337.48,Salary
CUST0158,"High Value",2481981.89,1465160.28,Current
CUST0159,"Mid Tier",518191.82,572030.66,Savings
CUST0160,"High Value",1183287.49,1204741.85,Salary
CUST0161,"Mass Market",2060156.13,657451.14,Salary
CUST0162,"Mid Tier",748878.40,1305605.17,Savings
CUST0163,"Mass Market",1521186.89,279179.74,Salary
CUST0164,"High Value",1912756.85,1422052.40,NRI
CUST0165,"Mass Market",1655167.99,335969.85,NRI
CUST0166,"Mid Tier",713654.42,496068.56,Current
CUST0167,"High Value",1081846.05,1136726.43,Current
CUST0168,"Mass Market",2024341.93,596695.16,Savings
CUST0169,"High Value",1519298.33,916234.95,Current
CUST0170,"Mass Market",311505.15,672414.52,NRI
CUST0171,"High Value",1974179.67,1116131.21,Savings
CUST0172,"Mass Market",377684.98,350213.57,Savings
CUST0173,"Mass Market",1940614.32,97102.40,Current
CUST0174,"Mid Tier",745457.23,456894.80,NRI
CUST0175,"Mass Market",2407761.66,716719.91,Savings
CUST0176,"Mass Market",1109469.65,260349.88,NRI
CUST0177,"Mass Market",1019249.56,538647.96,NRI
CUST0178,"Mid Tier",627553.71,605974.70,NRI
CUST0179,"Mid Tier",972329.27,95513.85,Current
CUST0180,"High Value",2228631.68,879127.80,Salary
CUST0181,"High Value",2491935.54,1327671.71,Salary
CUST0182,"Mass Market",1110280.97,236096.94,Savings
CUST0183,"High Value",1286943.39,900733.94,NRI
CUST0184,"High Value",1888556.06,1000461.42,Current
CUST0185,"Mass Market",2249630.72,634808.67,NRI
CUST0186,"High Value",1604697.54,1054635.41,NRI
CUST0187,"Mass Market",1161356.54,621990.00,Current
CUST0188,"Mass Market",1207768.05,761909.56,Salary
CUST0189,"Mass Market",1830359.92,20956.04,NRI
CUST0190,"Mass Market",307080.18,1040662.97,NRI
CUST0191,"High Value",1663096.54,995400.59,Salary
CUST0192,"Mass Market",1082084.62,67217.31,Current
CUST0193,"Mass Market",2047234.13,558692.66,Savings
CUST0194,"Mid Tier",504579.41,1468757.44,Salary
CUST0195,"Mass Market",1594044.99,636897.48,Savings
CUST0196,"Mass Market",1358140.36,757898.65,Savings
CUST0197,"High Value",1713116.16,1365795.94,Salary
CUST0198,"Mass Market",442677.91,1078720.20,NRI
CUST0199,"High Value",1575964.33,877284.50,Savings
CUST0200,"High Value",1535266.09,1198728.98,Savings
CUST0201,"High Value",1533452.21,1297905.74,Current
CUST0202,"Mass Market",1627672.87,690763.23,NRI
CUST0203,"Mass Market",1788229.46,717911.46,Savings
CUST0204,"Mass Market",2070975.80,585215.89,Current
CUST0205,"Mid Tier",893605.58,1450392.15,NRI
CUST0206,"High Value",2115108.70,1048777.72,Salary
CUST0207,"Mass Market",1396162.50,134002.37,Salary
CUST0208,"Mass Market",469528.21,1295809.84,Current
CUST0209,"Mass Market",428812.04,726034.31,Salary
CUST0210,"Mass Market",1035324.30,112443.32,Savings
CUST0211,"High Value",2026773.35,829078.71,NRI
CUST0212,"Mass Market",1856898.06,631574.78,Savings
CUST0213,"High Value",2034952.92,1317846.61,Savings
CUST0214,"Mass Market",1437991.92,313951.96,Salary
CUST0215,"High Value",1268437.80,1241432.27,Savings
CUST0216,"Mid Tier",624395.56,840956.15,Salary
CUST0217,"Mass Market",1022024.06,91369.35,NRI
CUST0218,"High Value",1254842.61,1458049.50,NRI
CUST0219,"Mass Market",494920.95,773796.71,Savings
CUST0220,"Mid Tier",785346.30,443406.51,Current
CUST0221,"Mass Market",1616095.65,709416.19,Salary
CUST0222,"High Value",1918458.85,1288208.10,Salary
CUST0223,"Mass Market",2496364.53,464305.66,Savings
CUST0224,"Mass Market",2352849.33,297087.83,Salary
CUST0225,"Mass Market",1713643.44,202316.16,Salary
CUST0226,"Mass Market",1226745.72,453810.50,Current
CUST0227,"High Value",1699590.20,1172271.65,Current
CUST0228,"Mass Market",2028433.56,712723.28,Savings
CUST0229,"Mid Tier",560339.62,348947.59,Current
CUST0230,"Mass Market",1201790.76,257615.65,Savings
CUST0231,"Mass Market",2147565.03,505766.92,NRI
CUST0232,"High Value",1144432.49,1410487.32,Savings
CUST0233,"Mass Market",1558119.00,521109.80,NRI
CUST0234,"High Value",1593092.59,1482304.87,Savings
CUST0235,"Mid Tier",705847.76,732993.38,Salary
CUST0236,"Mass Market",1096917.97,276954.24,Current
CUST0237,"High Value",1035924.84,1337798.74,NRI
CUST0238,"Mass Market",357632.76,695929.51,Savings
CUST0239,"Mass Market",353221.88,1067410.30,Current
CUST0240,"High Value",2129733.50,1475730.26,Savings
CUST0241,"Mid Tier",900755.78,84761.27,Current
CUST0242,"Mass Market",1439773.29,154074.89,Current
CUST0243,"Mid Tier",957196.26,1083480.54,Savings
CUST0244,"Mass Market",2369494.34,429919.25,NRI
CUST0245,"Mid Tier",870452.87,284609.08,NRI
CUST0246,"Mass Market",1245244.99,68649.20,Salary
CUST0247,"Mass Market",2220006.55,42551.60,Current
CUST0248,"High Value",2152253.85,1163983.55,Salary
CUST0249,"Mid Tier",709423.12,210305.81,Salary
CUST0250,"Mass Market",2065815.28,706903.72,Savings
CUST0251,"High Value",1308011.15,912786.25,Savings
CUST0252,"Mass Market",1362531.52,648244.18,Savings
CUST0253,"Mid Tier",593655.94,50388.91,Current
CUST0254,"Mass Market",477323.33,1177417.24,Savings
CUST0255,"Mass Market",1901466.48,25664.70,Savings
CUST0256,"High Value",1392214.54,1145215.94,Current
CUST0257,"High Value",1261071.55,1341023.70,Current
CUST0258,"Mass Market",1904918.10,654931.48,NRI
CUST0259,"High Value",1984128.38,807958.28,Savings
CUST0260,"Mid Tier",649597.97,720705.26,Savings
CUST0261,"Mass Market",1642495.33,589920.84,Savings
CUST0262,"Mid Tier",597778.98,1332262.56,NRI
CUST0263,"High Value",1953025.19,1341960.93,Savings
CUST0264,"Mass Market",1745301.34,510366.38,NRI
CUST0265,"High Value",2404552.17,926453.93,Salary
CUST0266,"Mass Market",451707.64,1391092.27,NRI
CUST0267,"Mass Market",425520.39,1443467.16,Salary
CUST0268,"Mid Tier",920811.56,768348.97,Savings
CUST0269,"Mid Tier",875752.50,684708.96,Salary
CUST0270,"Mid Tier",843353.36,425254.53,NRI
CUST0271,"High Value",2293760.08,1438719.09,Current
CUST0272,"Mid Tier",849001.64,222793.31,Salary
CUST0273,"Mid Tier",898289.40,873946.07,Salary
CUST0274,"Mass Market",1970676.18,430999.90,Savings
CUST0275,"Mass Market",1289427.65,425722.35,NRI
CUST0276,"Mass Market",2008763.23,613403.20,Salary
CUST0277,"Mass Market",443805.55,1498201.47,Salary
CUST0278,"Mass Market",1372656.63,91899.80,Salary
CUST0279,"Mass Market",373949.92,872027.31,Salary
CUST0280,"Mass Market",437837.05,133032.52,Current
CUST0281,"Mass Market",2294162.40,240236.04,NRI
CUST0282,"Mid Tier",606339.82,664948.78,Savings
CUST0283,"Mass Market",1471325.50,770585.60,Savings
CUST0284,"Mass Market",1204410.33,395600.69,Current
CUST0285,"Mass Market",1064155.32,481521.13,NRI
CUST0286,"Mass Market",2279633.36,139580.86,Salary
CUST0287,"Mass Market",348011.47,461797.48,Current
CUST0288,"High Value",1760337.31,1450172.07,NRI
CUST0289,"High Value",2419467.76,1417614.00,Salary
CUST0290,"Mass Market",1532370.00,508968.65,Current
CUST0291,"High Value",2361009.42,860572.37,NRI
CUST0292,"Mass Market",414967.33,1365297.13,Savings
CUST0293,"Mass Market",1221345.30,19213.90,Savings
CUST0294,"Mid Tier",872347.14,1217918.52,NRI
CUST0295,"High Value",1907806.12,1423070.63,Savings
CUST0296,"Mass Market",2458853.60,146075.34,NRI
CUST0297,"Mid Tier",864366.14,250557.05,Salary
CUST0298,"High Value",1739184.12,1441511.99,NRI
CUST0299,"Mid Tier",735814.79,810934.81,Salary
CUST0300,"Mass Market",1543726.56,31152.99,Current
CUST0301,"Mass Market",1320651.47,393871.68,NRI
CUST0302,"Mass Market",2438411.73,680416.07,Current
CUST0303,"High Value",1638760.00,1042434.28,Savings
CUST0304,"High Value",1068914.02,1102408.96,Salary
CUST0305,"Mid Tier",551010.73,1493178.05,NRI
CUST0306,"Mid Tier",632743.02,438391.69,Current
CUST0307,"Mid Tier",795697.25,811947.95,Salary
CUST0308,"Mid Tier",852126.65,804652.09,Salary
CUST0309,"Mass Market",2171355.33,614411.44,Savings
CUST0310,"Mass Market",1534690.13,262051.22,Savings
CUST0311,"High Value",1451460.01,1466410.28,Salary
CUST0312,"Mid Tier",552491.52,1281442.61,Salary
CUST0313,"Mass Market",2192307.33,752516.21,NRI
CUST0314,"High Value",1890191.47,908835.68,Salary
CUST0315,"Mass Market",448870.40,348618.97,NRI
CUST0316,"High Value",1857237.21,820242.73,Salary
CUST0317,"High Value",1495784.08,1045505.50,Savings
CUST0318,"Mass Market",479795.76,777598.87,NRI
CUST0319,"High Value",1308261.41,1485524.90,Current
CUST0320,"High Value",1366331.83,920899.07,Savings
CUST0321,"Mid Tier",664703.99,562750.83,NRI
CUST0322,"High Value",2380535.92,1160506.52,NRI
CUST0323,"Mass Market",2169945.82,263989.14,Current
CUST0324,"Mass Market",1771849.14,582928.56,NRI
CUST0325,"Mass Market",1317050.23,526968.84,Salary
CUST0326,"Mass Market",1205884.19,653392.57,Current
CUST0327,"High Value",1732141.63,1174851.94,Savings
CUST0328,"Mass Market",1499950.11,731417.82,Savings
CUST0329,"Mass Market",437000.83,1193081.53,Salary
CUST0330,"High Value",1427505.83,868968.47,Savings
CUST0331,"Mass Market",2074087.96,519683.46,NRI
CUST0332,"High Value",1310327.73,1216868.33,NRI
CUST0333,"Mass Market",414304.47,365051.61,Salary
CUST0334,"Mass Market",2029812.04,344330.64,Savings
CUST0335,"Mid Tier",743000.32,761709.36,Savings
CUST0336,"Mid Tier",868965.84,398665.38,Salary
CUST0337,"Mid Tier",662353.98,23539.68,Current
CUST0338,"High Value",1026473.14,975963.32,Savings
CUST0339,"Mass Market",1964853.31,771529.79,Current
CUST0340,"Mass Market",1442648.89,673821.54,Savings
CUST0341,"Mid Tier",750738.80,1450783.09,Savings
CUST0342,"High Value",2231226.17,861086.78,Savings
CUST0343,"High Value",2235080.08,1296513.05,Savings
CUST0344,"Mass Market",2215272.54,217780.85,NRI
CUST0345,"Mid Tier",825351.67,858117.63,Current
CUST0346,"High Value",1292726.56,1303289.64,Current
CUST0347,"High Value",2466977.24,878827.58,Savings
CUST0348,"High Value",1998427.45,1079841.13,Savings
CUST0349,"Mass Market",359768.33,564344.92,Current
CUST0350,"Mass Market",443450.10,147749.78,NRI
CUST0351,"Mass Market",1320649.03,692271.44,Salary
CUST0352,"Mass Market",2300284.45,597774.29,Salary
CUST0353,"High Value",1485143.96,1301919.67,Current
CUST0354,"Mass Market",1395187.52,373553.00,Savings
CUST0355,"Mid Tier",532042.14,1450434.00,Savings
CUST0356,"High Value",1744916.23,1437625.80,NRI
CUST0357,"Mass Market",2108626.95,378971.15,Salary
CUST0358,"Mass Market",1136924.02,528597.41,NRI
CUST0359,"High Value",2006346.07,1344378.05,Salary
CUST0360,"High Value",2421848.64,1450267.11,Current
CUST0361,"Mid Tier",748286.21,670724.26,Salary
CUST0362,"Mass Market",1451325.19,488285.60,NRI
CUST0363,"Mid Tier",931703.51,793880.08,NRI
CUST0364,"High Value",2044279.72,1034776.12,NRI
CUST0365,"Mass Market",1570705.40,417477.03,Current
CUST0366,"High Value",1696081.32,1107345.03,Salary
CUST0367,"Mass Market",2055411.15,86969.46,Salary
CUST0368,"Mass Market",1171135.04,83448.79,NRI
CUST0369,"Mass Market",2313198.15,585568.68,Salary
CUST0370,"Mass Market",1472663.51,536675.06,Savings
CUST0371,"Mid Tier",647500.61,480293.49,Savings
CUST0372,"Mass Market",1830978.06,741619.45,Savings
CUST0373,"Mass Market",2045174.97,487893.04,Salary
CUST0374,"Mid Tier",996875.69,296464.30,Current
CUST0375,"Mass Market",2185794.37,471109.63,Current
CUST0376,"High Value",2293515.16,1462607.37,Current
CUST0377,"Mid Tier",909189.87,622558.99,Current
CUST0378,"Mass Market",2463747.24,672622.04,Savings
CUST0379,"Mid Tier",609565.36,869052.04,Savings
CUST0380,"Mid Tier",744434.47,1475177.74,NRI
CUST0381,"Mid Tier",705294.65,369985.90,Salary
CUST0382,"High Value",2266777.36,1025110.34,Salary
CUST0383,"High Value",1739443.62,1076817.19,Current
CUST0384,"Mid Tier",634629.42,914913.38,Savings
CUST0385,"Mass Market",1268711.52,141981.73,Current
CUST0386,"High Value",1653655.66,1018539.69,NRI
CUST0387,"Mass Market",483620.99,105501.12,Salary
CUST0388,"High Value",2241316.01,898252.55,Salary
CUST0389,"High Value",2067927.78,1111975.95,Current
CUST0390,"Mass Market",1411454.90,324345.14,NRI
CUST0391,"High Value",2427678.55,1264016.79,Salary
CUST0392,"Mass Market",1219074.15,55227.17,NRI
CUST0393,"High Value",2465042.70,1267281.17,NRI
CUST0394,"Mass Market",1769424.00,695890.29,Current
CUST0395,"Mass Market",1696276.80,334206.03,Savings
CUST0396,"Mid Tier",665100.77,209329.44,Current
CUST0397,"High Value",2240241.07,1430427.68,Savings
CUST0398,"Mass Market",1240477.31,118271.73,NRI
CUST0399,"Mid Tier",656913.49,306649.20,Savings
CUST0400,"Mass Market",327736.54,528255.30,NRI
CUST0401,"High Value",1531462.50,934149.92,Salary
CUST0402,"High Value",1460279.17,821753.62,Salary
CUST0403,"Mass Market",1882577.97,197208.80,Salary
CUST0404,"Mass Market",2258567.72,441694.70,Current
CUST0405,"Mass Market",474694.49,365740.14,Current
CUST0406,"Mass Market",1909292.28,328178.85,NRI
CUST0407,"Mid Tier",712306.28,622605.06,Salary
CUST0408,"High Value",2187989.52,1059006.86,Current
CUST0409,"Mass Market",2101939.73,334004.87,Salary
CUST0410,"Mass Market",1489746.26,556351.53,Current
CUST0411,"Mass Market",1862534.16,592466.97,Savings
CUST0412,"Mid Tier",991570.25,1464920.23,Savings
CUST0413,"High Value",1336569.38,1432452.87,Salary
CUST0414,"High Value",2107601.17,1202205.00,NRI
CUST0415,"Mass Market",1310383.43,370071.79,Current
CUST0416,"Mass Market",1087156.18,111375.60,Current
CUST0417,"Mass Market",1387267.38,482187.17,Savings
CUST0418,"Mass Market",2122148.36,407523.88,Savings
CUST0419,"Mass Market",1037457.70,763829.44,NRI
CUST0420,"Mid Tier",682275.50,1168814.59,NRI
CUST0421,"High Value",1866430.84,1288901.18,NRI
CUST0422,"High Value",2117152.07,1268847.49,Salary
CUST0423,"Mid Tier",521402.45,545916.59,Savings
CUST0424,"Mid Tier",827723.05,1033979.17,Salary
CUST0425,"Mid Tier",612338.38,476122.95,Savings
CUST0426,"Mass Market",1065471.11,100749.26,Savings
CUST0427,"High Value",1290772.15,1055332.25,Current
CUST0428,"Mass Market",1947417.94,24643.05,Savings
CUST0429,"Mass Market",1732524.69,619682.06,Savings
CUST0430,"Mass Market",1666042.85,500775.11,Salary
CUST0431,"High Value",1075224.88,1043132.53,Savings
CUST0432,"High Value",2151184.62,1151705.75,Salary
CUST0433,"Mass Market",1336831.77,463101.01,NRI
CUST0434,"High Value",2454030.86,1219324.25,Savings
CUST0435,"Mass Market",1695112.70,447935.97,Savings
CUST0436,"Mid Tier",577782.43,675026.28,Salary
CUST0437,"High Value",1787590.64,1093257.61,NRI
CUST0438,"High Value",1015228.83,1042451.14,Current
CUST0439,"High Value",1809919.83,1481179.02,NRI
CUST0440,"Mass Market",453210.53,345489.93,Salary
CUST0441,"Mid Tier",684739.16,996853.69,NRI
CUST0442,"High Value",2182621.97,918426.04,Salary
CUST0443,"Mid Tier",799795.03,1373496.70,Salary
CUST0444,"Mass Market",2141490.48,242979.59,Current
CUST0445,"Mid Tier",914407.39,1130179.26,Savings
CUST0446,"High Value",1714340.20,856720.24,Salary
CUST0447,"Mass Market",1827131.26,419252.15,Salary
CUST0448,"Mass Market",1427840.46,716908.02,Current
CUST0449,"Mid Tier",971683.49,507327.13,Salary
CUST0450,"Mid Tier",767817.63,873176.97,Savings
CUST0451,"Mass Market",373016.58,1334610.91,Current
CUST0452,"Mid Tier",968682.08,858264.43,Savings
CUST0453,"High Value",1736958.14,951266.40,Savings
CUST0454,"Mass Market",2364270.60,782934.29,Current
CUST0455,"Mass Market",2216649.86,86236.60,Salary
CUST0456,"Mass Market",1985342.51,356959.25,Savings
CUST0457,"Mass Market",2034584.16,743082.58,Savings
CUST0458,"Mass Market",1762966.79,472250.57,Savings
CUST0459,"Mid Tier",872631.09,280827.76,Savings
CUST0460,"Mass Market",2295829.07,761157.93,Current
CUST0461,"Mass Market",1775611.09,490986.59,Current
CUST0462,"Mass Market",1532969.39,394580.39,NRI
CUST0463,"Mid Tier",544176.83,701338.27,NRI
CUST0464,"Mass Market",1283522.20,208593.54,Savings
CUST0465,"High Value",1312788.20,1392341.14,Salary
CUST0466,"High Value",2202039.94,1302876.13,Savings
CUST0467,"High Value",1502626.08,1064354.67,Salary
CUST0468,"Mass Market",1136881.21,168258.60,Savings
CUST0469,"High Value",2448960.72,1166057.11,NRI
CUST0470,"Mid Tier",543585.31,1213856.42,NRI
CUST0471,"High Value",1229606.54,1153969.28,Salary
CUST0472,"Mass Market",392454.29,179809.17,Savings
CUST0473,"High Value",1927789.07,969422.86,Salary
CUST0474,"High Value",2319768.41,1253143.95,NRI
CUST0475,"Mid Tier",916082.13,870256.57,Savings
CUST0476,"High Value",2188351.69,973146.99,Savings
CUST0477,"Mid Tier",942880.11,692961.58,Salary
CUST0478,"Mass Market",2303694.36,797773.91,Current
CUST0479,"Mass Market",1958716.19,61221.52,Salary
CUST0480,"High Value",2070794.91,962054.90,NRI
CUST0481,"Mass Market",339614.42,131356.35,NRI
CUST0482,"Mass Market",2418182.79,658171.75,NRI
CUST0483,"Mass Market",1898676.18,446056.10,NRI
CUST0484,"Mid Tier",970452.41,822687.65,NRI
CUST0485,"Mass Market",2124668.26,208790.34,Current
CUST0486,"Mid Tier",919346.64,1040548.67,Savings
CUST0487,"High Value",2220058.45,1194567.19,Salary
CUST0488,"Mid Tier",547676.86,253398.13,Salary
CUST0489,"Mass Market",1848109.15,165426.50,NRI
CUST0490,"Mass Market",1489536.65,226818.07,Salary
CUST0491,"Mid Tier",512375.83,1316920.07,NRI
CUST0492,"Mid Tier",832166.42,797002.00,Current
CUST0493,"Mass Market",327288.88,706218.88,Current
CUST0494,"Mass Market",1331289.52,169000.61,Savings
CUST0495,"Mid Tier",962783.57,977838.45,Current
CUST0496,"High Value",1616386.47,1303319.39,Current
CUST0497,"Mid Tier",953923.18,1243996.95,Savings
CUST0498,"Mid Tier",959822.05,942821.52,Salary
CUST0499,"Mass Market",1935025.04,122165.29,NRI
CUST0500,"Mass Market",405914.24,177471.57,NRI
CUST0501,"Mass Market",2286368.99,83470.39,Salary
CUST0502,"Mass Market",2174980.52,393644.03,Savings
CUST0503,"Mass Market",1769170.30,212135.59,Salary
CUST0504,"Mass Market",1605087.45,397471.58,Current
CUST0505,"Mass Market",2263065.50,583736.50,Savings
CUST0506,"Mid Tier",707726.39,1415044.35,Savings
CUST0507,"Mass Market",473732.16,919460.33,Savings
CUST0508,"Mid Tier",826922.37,1254110.94,NRI
CUST0509,"High Value",2048072.21,1068423.74,Salary
CUST0510,"Mass Market",376274.59,177629.66,Savings
CUST0511,"High Value",1582175.04,1106521.41,Savings
CUST0512,"Mass Market",2489962.54,419897.33,Savings
CUST0513,"High Value",2182531.41,962270.69,Salary
CUST0514,"Mass Market",1447180.52,518033.34,NRI
CUST0515,"Mass Market",440010.00,1496531.67,Current
CUST0516,"Mass Market",2129021.73,402691.70,NRI
CUST0517,"Mass Market",1617752.72,425904.40,Savings
CUST0518,"Mid Tier",552852.59,1396701.66,NRI
CUST0519,"Mid Tier",506486.03,46720.16,NRI
CUST0520,"High Value",2301179.00,1048066.59,Current
CUST0521,"High Value",1772240.58,1090736.32,Salary
CUST0522,"High Value",2124430.96,1256204.08,Salary
CUST0523,"High Value",2233753.58,1461914.57,NRI
CUST0524,"High Value",1557899.17,1463646.86,NRI
CUST0525,"Mass Market",1438381.97,107262.37,Salary
CUST0526,"High Value",1246940.30,1234540.59,Salary
CUST0527,"Mid Tier",997282.49,973001.80,Current
CUST0528,"High Value",1256111.11,974539.78,Savings
CUST0529,"Mass Market",2002535.24,201241.39,NRI
CUST0530,"High Value",1624231.55,978778.88,Salary
CUST0531,"High Value",2263551.24,1473899.05,NRI
CUST0532,"High Value",1275436.03,1368609.67,NRI
CUST0533,"Mass Market",1635597.07,664304.68,Salary
CUST0534,"Mass Market",1688876.62,69522.48,Current
CUST0535,"Mass Market",1601733.76,549817.30,NRI
CUST0536,"High Value",1845794.30,1241321.56,Current
CUST0537,"Mid Tier",822353.63,1055233.66,Salary
CUST0538,"Mass Market",1427200.31,694422.05,Savings
CUST0539,"Mid Tier",529294.57,92101.29,Savings
CUST0540,"Mass Market",1145924.92,646073.14,NRI
CUST0541,"Mass Market",1372867.55,708847.16,Salary
CUST0542,"High Value",1734893.37,1393547.74,Current
CUST0543,"High Value",2391168.32,965218.29,NRI
CUST0544,"Mass Market",1621432.35,474362.85,Salary
CUST0545,"Mass Market",1935906.62,792724.21,Salary
CUST0546,"Mass Market",1413785.33,108422.41,Current
CUST0547,"High Value",1695028.87,1459126.67,NRI
CUST0548,"Mass Market",456050.88,546489.25,Salary
CUST0549,"Mid Tier",859661.48,722022.36,Salary
CUST0550,"Mass Market",1096076.81,539373.12,Salary
CUST0551,"High Value",1339485.38,1026942.48,Current
CUST0552,"Mass Market",400427.24,996725.92,NRI
CUST0553,"Mid Tier",608053.01,1075830.24,NRI
CUST0554,"Mid Tier",908991.48,409533.41,NRI
CUST0555,"Mass Market",2437371.92,480346.04,NRI
CUST0556,"Mass Market",1028963.42,196624.33,Savings
CUST0557,"High Value",1360490.33,986709.86,Savings
CUST0558,"Mid Tier",731414.97,69297.72,NRI
CUST0559,"High Value",1643716.16,900546.68,Current
CUST0560,"Mid Tier",917503.07,1305846.87,Savings
CUST0561,"Mid Tier",755383.67,1337339.90,Salary
CUST0562,"Mass Market",1436459.78,679066.26,Savings
CUST0563,"Mass Market",312112.76,694362.50,Salary
CUST0564,"Mass Market",316860.87,124684.08,NRI
CUST0565,"Mid Tier",781951.38,1009439.89,Savings
CUST0566,"Mass Market",380787.00,1233676.54,Current
CUST0567,"Mid Tier",537656.66,374536.03,Savings
CUST0568,"Mass Market",1045493.43,637738.31,Savings
CUST0569,"High Value",2065688.50,1259870.61,Savings
CUST0570,"High Value",1558507.02,1316909.50,NRI
CUST0571,"Mass Market",1427869.00,372338.17,Current
CUST0572,"Mid Tier",945675.41,830350.25,Savings
CUST0573,"Mass Market",2349858.18,296814.79,Current
CUST0574,"Mass Market",1173433.09,161799.36,NRI
CUST0575,"Mass Market",491604.09,1367569.55,Salary
CUST0576,"High Value",1657546.34,1232556.18,Savings
CUST0577,"Mid Tier",550444.47,1142452.00,Current
CUST0578,"Mass Market",1059490.91,82661.82,Current
CUST0579,"High Value",1416306.27,1267155.90,NRI
CUST0580,"Mass Market",2223289.55,662685.67,Savings
CUST0581,"Mass Market",1385802.48,520168.73,Salary
CUST0582,"High Value",1844969.29,824249.78,Current
CUST0583,"Mass Market",2484197.05,146116.33,Savings
CUST0584,"Mid Tier",589276.06,1137403.36,Salary
CUST0585,"Mid Tier",904409.36,877828.26,Current
CUST0586,"Mass Market",1168067.37,288019.24,Current
CUST0587,"Mass Market",1228021.99,290465.98,Salary
CUST0588,"Mass Market",1204246.37,284530.49,Salary
CUST0589,"Mass Market",2296744.21,94933.56,NRI
CUST0590,"High Value",1870871.82,885819.69,Savings
CUST0591,"High Value",1637391.47,1262118.78,Savings
CUST0592,"Mid Tier",980619.98,36072.34,NRI
CUST0593,"Mass Market",2112338.85,83016.92,Current
CUST0594,"High Value",2401133.13,863427.71,Salary
CUST0595,"High Value",2106636.22,1231048.57,Salary
CUST0596,"Mass Market",303443.23,496840.95,Salary
CUST0597,"Mass Market",1700083.01,530925.45,Current
CUST0598,"Mass Market",412497.84,898556.28,Salary
CUST0599,"Mid Tier",866735.88,418577.20,Salary
CUST0600,"Mass Market",430954.34,49646.47,NRI
CUST0601,"High Value",1628350.00,1105490.49,Current
CUST0602,"High Value",1810497.81,942218.37,Savings
CUST0603,"Mid Tier",551872.80,875326.44,NRI
CUST0604,"High Value",1144445.54,1115109.35,NRI
CUST0605,"High Value",1303720.32,1016093.95,Savings
CUST0606,"Mass Market",1111916.65,316764.16,NRI
CUST0607,"Mid Tier",566255.00,535196.76,Current
CUST0608,"Mass Market",1221685.14,197904.11,Salary
CUST0609,"Mass Market",1952591.71,203486.95,Current
CUST0610,"Mass Market",456216.86,1017531.66,Savings
CUST0611,"Mass Market",476396.03,1289314.16,Savings
CUST0612,"High Value",1080496.84,1444471.55,NRI
CUST0613,"High Value",2371796.57,946237.21,Current
CUST0614,"Mass Market",1770859.82,284310.97,Current
CUST0615,"Mass Market",1793073.90,167419.01,Savings
CUST0616,"High Value",1096223.98,1221147.95,Current
CUST0617,"High Value",1606053.74,872347.15,Savings
CUST0618,"Mass Market",322288.60,931244.68,Current
CUST0619,"High Value",1699411.30,1174378.51,Current
CUST0620,"High Value",2309231.28,1057883.07,Current
CUST0621,"High Value",1647661.63,1253342.80,Savings
CUST0622,"Mass Market",2222136.91,93758.72,NRI
CUST0623,"High Value",1892740.72,1123805.75,Current
CUST0624,"Mid Tier",565228.52,1277770.61,Savings
CUST0625,"Mass Market",2285397.28,436341.21,Savings
CUST0626,"Mass Market",446176.46,964266.44,Current
CUST0627,"Mass Market",1474728.44,478101.48,Current
CUST0628,"Mid Tier",612701.67,1437376.89,NRI
CUST0629,"Mass Market",325754.54,59801.12,Savings
CUST0630,"High Value",1228475.37,873891.34,Savings
CUST0631,"Mid Tier",949089.56,258090.29,Salary
CUST0632,"High Value",1369201.09,1071208.11,Savings
CUST0633,"Mass Market",1569839.75,272076.52,NRI
CUST0634,"Mass Market",396225.96,360721.06,Salary
CUST0635,"Mid Tier",570607.25,746612.51,Salary
CUST0636,"High Value",1529013.27,1373104.08,Salary
CUST0637,"Mass Market",1054968.18,325454.41,Current
CUST0638,"Mass Market",1904181.67,224917.63,Current
CUST0639,"High Value",1735041.63,1140875.48,Savings
CUST0640,"Mass Market",2160329.60,755923.10,Salary
CUST0641,"High Value",1823484.22,1368559.82,NRI
CUST0642,"Mass Market",1245848.37,228455.69,Current
CUST0643,"High Value",1780526.57,972432.56,NRI
CUST0644,"Mid Tier",905838.58,356989.93,NRI
CUST0645,"Mid Tier",973889.70,243573.04,Current
CUST0646,"High Value",2035767.35,1028309.83,Current
CUST0647,"High Value",1282122.94,894590.08,Current
CUST0648,"High Value",2056436.75,1134692.91,Current
CUST0649,"Mass Market",2109329.22,471099.24,Salary
CUST0650,"Mass Market",2186637.14,677477.77,Salary
CUST0651,"Mass Market",2316597.52,614152.80,Salary
CUST0652,"High Value",1248167.49,1476293.30,Salary
CUST0653,"Mass Market",1001507.00,445450.95,Savings
CUST0654,"Mass Market",1580837.24,449277.69,Salary
CUST0655,"Mass Market",1116579.33,538276.83,Current
CUST0656,"High Value",1622363.17,851245.18,NRI
CUST0657,"Mass Market",1852288.90,385960.89,Salary
CUST0658,"High Value",1814491.04,1373782.01,Savings
CUST0659,"Mass Market",1124016.35,405871.49,Current
CUST0660,"Mid Tier",667092.44,1344765.44,NRI
CUST0661,"Mass Market",1247164.54,164177.84,NRI
CUST0662,"Mid Tier",613707.12,988278.43,Salary
CUST0663,"High Value",2258213.48,1361408.42,NRI
CUST0664,"Mass Market",1060930.41,261436.66,Salary
CUST0665,"Mid Tier",639811.44,1452807.17,Salary
CUST0666,"Mass Market",355985.07,684796.21,Current
CUST0667,"High Value",1720809.25,1419115.51,Current
CUST0668,"High Value",1701185.10,1018461.87,Savings
CUST0669,"Mass Market",1049329.17,459364.44,Current
CUST0670,"Mass Market",457766.16,290570.76,Current
CUST0671,"Mass Market",1201183.57,462565.22,Salary
CUST0672,"Mid Tier",984678.49,148595.94,Current
CUST0673,"Mass Market",1789665.41,224363.27,Salary
CUST0674,"Mass Market",1632714.35,165944.06,Salary
CUST0675,"Mass Market",1102106.20,640185.88,Current
CUST0676,"Mid Tier",779363.62,1195411.78,Savings
CUST0677,"Mass Market",2473679.13,220661.50,Savings
CUST0678,"Mass Market",1298803.57,204177.45,NRI
CUST0679,"High Value",1814203.32,968709.13,NRI
CUST0680,"Mid Tier",609216.53,303802.64,Current
CUST0681,"Mass Market",1368297.34,155438.96,Savings
CUST0682,"Mass Market",360580.78,258604.38,Salary
CUST0683,"High Value",1412001.26,1386359.78,NRI
CUST0684,"High Value",2420838.30,1233992.17,Salary
CUST0685,"Mass Market",1145254.77,537556.20,NRI
CUST0686,"Mass Market",385791.23,987172.94,Current
CUST0687,"Mass Market",368102.74,810540.75,Savings
CUST0688,"High Value",1153570.87,1018915.15,NRI
CUST0689,"Mid Tier",652054.86,1027180.02,Savings
CUST0690,"Mass Market",351374.61,946813.68,Salary
CUST0691,"Mass Market",1963669.95,406491.04,Current
CUST0692,"Mass Market",1308750.62,68119.57,Savings
CUST0693,"Mid Tier",936338.50,688794.51,Current
CUST0694,"High Value",2280183.00,1337551.09,Savings
CUST0695,"Mid Tier",555505.71,858550.92,Salary
CUST0696,"High Value",2403021.42,1250262.65,Salary
CUST0697,"Mid Tier",990726.78,1487520.27,Current
CUST0698,"Mass Market",2254488.08,253788.14,Salary
CUST0699,"High Value",1626474.33,1040748.68,NRI
CUST0700,"High Value",2118756.19,1014697.42,Savings
CUST0701,"High Value",2464828.96,1470133.62,Salary
CUST0702,"Mid Tier",934491.96,1478545.09,NRI
CUST0703,"High Value",2414498.07,1033151.13,Current
CUST0704,"Mass Market",1156860.17,372986.04,NRI
CUST0705,"High Value",1148126.19,1199848.20,Current
CUST0706,"Mass Market",1048851.63,169473.41,Current
CUST0707,"High Value",1491096.74,1173241.96,Savings
CUST0708,"Mid Tier",639119.09,1366192.22,Savings
CUST0709,"Mass Market",1518165.27,580421.76,NRI
CUST0710,"High Value",1491750.59,949646.59,Savings
CUST0711,"Mass Market",1976183.99,650912.67,Savings
CUST0712,"Mass Market",2134029.92,662269.93,Savings
CUST0713,"Mass Market",1268970.97,472452.62,NRI
CUST0714,"Mid Tier",965133.15,1145573.13,Salary
CUST0715,"Mid Tier",870536.77,1404903.08,Savings
CUST0716,"Mid Tier",728172.44,1411718.78,Savings
CUST0717,"Mass Market",426824.68,270424.11,NRI
CUST0718,"High Value",1053385.55,1313368.04,Salary
CUST0719,"Mid Tier",894544.92,1108772.85,Savings
CUST0720,"Mass Market",2426118.25,386727.73,Current
CUST0721,"Mass Market",1526959.42,110254.07,NRI
CUST0722,"Mass Market",1064009.49,409315.93,Savings
CUST0723,"High Value",1577028.72,1369190.27,Savings
CUST0724,"Mid Tier",606232.74,953436.23,Current
CUST0725,"High Value",1276896.25,1084371.44,Current
CUST0726,"Mass Market",1677715.51,393157.00,NRI
CUST0727,"High Value",1375575.23,1081888.35,NRI
CUST0728,"Mass Market",1183913.36,51901.04,Current
CUST0729,"Mass Market",2486466.46,569228.81,NRI
CUST0730,"High Value",2236692.48,943862.49,Current
CUST0731,"Mass Market",1671493.11,227683.88,Savings
CUST0732,"High Value",1552630.19,1236275.33,Current
CUST0733,"Mass Market",1665453.06,360196.64,Current
CUST0734,"Mid Tier",742886.64,981898.86,Salary
CUST0735,"Mass Market",1169303.04,613743.74,Current
CUST0736,"Mass Market",386810.97,898104.96,Current
CUST0737,"Mass Market",1346201.28,170101.32,Salary
CUST0738,"Mass Market",1494654.08,35200.07,NRI
CUST0739,"Mid Tier",801049.42,1365251.00,Salary
CUST0740,"Mass Market",2420863.46,411748.71,Savings
CUST0741,"High Value",2300800.14,1231318.73,Salary
CUST0742,"High Value",1888715.12,1499031.95,Savings
CUST0743,"Mass Market",1473450.58,325032.57,NRI
CUST0744,"Mass Market",2213932.15,405104.40,Salary
CUST0745,"Mid Tier",587435.16,997661.08,Salary
CUST0746,"High Value",2039121.55,1448518.47,NRI
CUST0747,"Mid Tier",574605.79,1374563.38,Savings
CUST0748,"Mass Market",2047263.46,759284.52,Salary
CUST0749,"Mid Tier",906688.65,1194714.32,Savings
CUST0750,"Mass Market",2229599.28,212261.32,Salary
CUST0751,"High Value",2376892.61,1466382.89,Current
CUST0752,"Mid Tier",627351.13,1446886.32,Salary
CUST0753,"Mass Market",1317886.33,253956.15,NRI
CUST0754,"Mass Market",2458172.23,456140.46,NRI
CUST0755,"Mass Market",1363496.36,159230.95,Savings
CUST0756,"Mass Market",2199804.55,414859.22,Salary
CUST0757,"High Value",1595209.35,1225774.13,Savings
CUST0758,"Mass Market",1125725.80,573690.25,Savings
CUST0759,"Mid Tier",928723.82,141711.48,Current
CUST0760,"Mid Tier",747090.80,519916.03,Current
CUST0761,"High Value",1975956.02,1472261.17,NRI
CUST0762,"High Value",1150389.12,948228.56,Savings
CUST0763,"Mass Market",1424806.02,630079.81,NRI
CUST0764,"Mass Market",1383116.06,258142.39,Salary
CUST0765,"High Value",1570013.86,1479403.43,Savings
CUST0766,"High Value",2204269.72,1233065.02,Savings
CUST0767,"Mass Market",2457626.56,429401.18,Salary
CUST0768,"Mass Market",1196685.26,114402.36,Salary
CUST0769,"Mass Market",2120541.63,94372.08,NRI
CUST0770,"Mass Market",1981961.15,189363.44,NRI
CUST0771,"High Value",1561763.69,875345.19,Salary
CUST0772,"High Value",2403303.72,1393857.50,NRI
CUST0773,"Mid Tier",741043.93,750147.71,Salary
CUST0774,"Mid Tier",540381.26,1265988.77,Savings
CUST0775,"Mass Market",2178716.33,674371.06,Savings
CUST0776,"High Value",1266129.60,1065789.48,Current
CUST0777,"High Value",2163331.48,1100490.38,Savings
CUST0778,"Mass Market",2264798.45,269205.92,Salary
CUST0779,"Mass Market",437406.71,548211.93,NRI
CUST0780,"High Value",2243622.48,959580.21,Current
CUST0781,"Mass Market",1286301.92,115337.95,NRI
CUST0782,"Mass Market",1422951.48,548694.88,Salary
CUST0783,"High Value",1678503.52,806851.20,Savings
CUST0784,"High Value",2338041.73,1494374.49,Current
CUST0785,"Mass Market",342055.41,717055.01,Salary
CUST0786,"High Value",1349055.63,1225924.57,Current
CUST0787,"Mass Market",1812988.49,653780.25,Current
CUST0788,"High Value",1889955.31,1196622.18,Savings
CUST0789,"High Value",1823571.35,897168.05,Salary
CUST0790,"Mid Tier",595757.28,1331027.21,NRI
CUST0791,"Mid Tier",958670.29,622304.40,Current
CUST0792,"High Value",1089174.16,910413.59,Current
CUST0793,"High Value",2069761.86,948727.83,NRI
CUST0794,"Mid Tier",913271.72,631900.58,Salary
CUST0795,"Mid Tier",763550.92,225024.95,Current
CUST0796,"Mass Market",2406385.64,149403.52,Current
CUST0797,"Mass Market",319499.23,34840.61,Current
CUST0798,"High Value",2495205.88,1311566.05,Salary
CUST0799,"Mass Market",1789006.86,362347.62,Salary
CUST0800,"Mass Market",2122632.46,325145.06,NRI
CUST0801,"Mid Tier",948162.67,1106692.75,Salary
CUST0802,"Mass Market",331493.61,486824.01,Salary
CUST0803,"Mass Market",1923312.94,764006.59,Savings
CUST0804,"Mass Market",2135118.11,252141.49,NRI
CUST0805,"High Value",1929047.49,1440021.12,Current
CUST0806,"Mid Tier",614270.63,1278856.29,Salary
CUST0807,"High Value",1957541.43,1297046.54,Current
CUST0808,"Mass Market",1991630.12,616092.89,Current
CUST0809,"High Value",1748789.13,1145918.21,Savings
CUST0810,"Mass Market",1985455.05,224375.47,Salary
CUST0811,"Mass Market",2161027.17,22842.31,NRI
CUST0812,"Mass Market",1649929.05,39759.67,Salary
CUST0813,"Mass Market",494930.37,884036.59,Current
CUST0814,"Mass Market",1372781.18,688538.41,NRI
CUST0815,"Mass Market",470828.54,781842.87,Salary
CUST0816,"Mass Market",1196594.67,21120.08,Current
CUST0817,"Mass Market",1195634.28,639803.06,Current
CUST0818,"Mass Market",445221.66,1079921.56,Savings
CUST0819,"Mass Market",1067405.17,669613.62,Savings
CUST0820,"Mid Tier",544195.82,1101006.62,Savings
CUST0821,"Mass Market",2078117.46,357198.26,Current
CUST0822,"High Value",2384913.66,1221581.59,Salary
CUST0823,"Mass Market",459096.25,886762.55,Savings
CUST0824,"Mass Market",2401253.46,324037.02,Salary
CUST0825,"Mass Market",1449668.52,362713.51,Savings
CUST0826,"Mid Tier",959044.49,945765.39,NRI
CUST0827,"Mass Market",469096.57,1246609.99,NRI
CUST0828,"Mass Market",1401373.39,629285.40,Savings
CUST0829,"Mass Market",2047934.20,394867.64,Current
CUST0830,"High Value",1855590.25,1301847.29,Savings
CUST0831,"Mass Market",410497.23,1007209.75,Savings
CUST0832,"Mass Market",460384.04,677647.38,Current
CUST0833,"Mass Market",1186321.22,736971.29,NRI
CUST0834,"Mid Tier",949639.09,314342.14,Salary
CUST0835,"Mid Tier",811245.51,943935.92,Savings
CUST0836,"Mid Tier",918209.90,544526.34,Current
CUST0837,"High Value",2067662.04,1493511.31,Savings
CUST0838,"Mass Market",2344301.72,725473.44,Current
CUST0839,"Mass Market",1191225.93,733969.55,Salary
CUST0840,"High Value",2293444.20,853119.16,Salary
CUST0841,"High Value",1007290.54,1375966.44,NRI
CUST0842,"High Value",1348161.37,1203218.97,Current
CUST0843,"Mid Tier",797263.80,682183.80,Current
CUST0844,"High Value",1709047.29,1080861.91,NRI
CUST0845,"High Value",2453758.45,883490.89,NRI
CUST0846,"Mass Market",1627684.81,743626.90,Current
CUST0847,"Mass Market",1087190.99,296550.50,NRI
CUST0848,"Mass Market",1725198.38,701265.03,Salary
CUST0849,"Mid Tier",570425.49,376269.69,Savings
CUST0850,"High Value",2255049.98,1373114.80,Salary
CUST0851,"Mass Market",1406784.69,509756.15,NRI
CUST0852,"High Value",1288569.43,1428873.38,Current
CUST0853,"High Value",1588902.53,804252.38,Current
CUST0854,"High Value",1674524.50,951001.12,Salary
CUST0855,"Mass Market",457906.77,818981.26,Current
CUST0856,"Mass Market",1801757.89,202777.12,NRI
CUST0857,"Mid Tier",832249.70,569973.62,Salary
CUST0858,"Mass Market",1870695.79,157727.71,Current
CUST0859,"High Value",2109576.55,938201.53,Savings
CUST0860,"Mass Market",2068708.72,675842.55,Savings
CUST0861,"High Value",1515502.13,1169197.61,NRI
CUST0862,"Mass Market",1444373.76,338501.02,Current
CUST0863,"Mid Tier",614327.11,255203.43,NRI
CUST0864,"Mass Market",2005761.53,615435.02,Salary
CUST0865,"Mid Tier",897100.64,1390612.22,Savings
CUST0866,"High Value",1392729.93,1068528.50,Salary
CUST0867,"Mid Tier",925403.00,634196.20,Current
CUST0868,"Mid Tier",594422.40,780735.53,NRI
CUST0869,"Mass Market",1685026.93,135477.39,NRI
CUST0870,"Mass Market",419530.48,1477018.09,NRI
CUST0871,"High Value",1947019.52,1002946.88,Salary
CUST0872,"Mid Tier",998690.95,435252.06,Savings
CUST0873,"Mass Market",300296.32,882854.51,Salary
CUST0874,"Mass Market",1424484.11,173128.73,Salary
CUST0875,"Mass Market",403074.20,1449096.64,Current
CUST0876,"Mid Tier",907573.03,270429.63,Current
CUST0877,"High Value",1855348.27,975565.17,Current
CUST0878,"Mass Market",437917.17,375727.15,Savings
CUST0879,"High Value",2146544.68,1079166.46,Savings
CUST0880,"Mass Market",308403.83,1167463.84,Current
CUST0881,"Mid Tier",843012.51,1013395.40,Current
CUST0882,"High Value",1929988.92,925604.20,Savings
CUST0883,"Mid Tier",995794.33,1339778.95,NRI
CUST0884,"Mid Tier",524163.25,127153.80,Savings
CUST0885,"Mass Market",1092514.62,503063.00,Savings
CUST0886,"Mid Tier",894865.23,379948.34,Savings
CUST0887,"High Value",2153966.18,1482140.80,Current
CUST0888,"Mid Tier",989365.42,590190.77,NRI
CUST0889,"High Value",2035651.44,1101592.92,Savings
CUST0890,"High Value",2262118.72,1030240.49,Current
CUST0891,"Mass Market",1254398.32,326001.04,Salary
CUST0892,"Mass Market",2301874.92,366106.54,Salary
CUST0893,"Mass Market",1130099.72,429114.00,Savings
CUST0894,"Mass Market",2420972.52,622579.64,Salary
CUST0895,"Mass Market",496436.95,359144.35,NRI
CUST0896,"Mass Market",1811442.39,39280.71,Salary
CUST0897,"High Value",1386390.89,1320295.65,Salary
CUST0898,"High Value",1152827.37,1448758.65,NRI
CUST0899,"Mass Market",1691966.13,518939.88,Savings
CUST0900,"Mass Market",1848485.60,514375.25,Savings
CUST0901,"Mass Market",309599.19,20566.80,NRI
CUST0902,"Mid Tier",667296.80,1023573.53,NRI
CUST0903,"High Value",1868701.31,1239905.44,NRI
CUST0904,"Mass Market",1766047.91,228446.37,Salary
CUST0905,"Mass Market",2425304.51,247902.86,NRI
CUST0906,"High Value",1974283.14,1187224.04,Current
CUST0907,"High Value",2391699.96,928273.22,Salary
CUST0908,"Mass Market",1845589.10,76842.23,Savings
CUST0909,"Mid Tier",955714.86,937595.02,Savings
CUST0910,"Mid Tier",531802.83,470287.41,Savings
CUST0911,"Mass Market",2020012.50,559400.48,Salary
CUST0912,"High Value",1717128.29,1156899.81,Current
CUST0913,"Mass Market",406009.23,1218293.44,NRI
CUST0914,"Mass Market",1092111.02,606531.37,NRI
CUST0915,"High Value",2404959.59,1421257.87,Savings
CUST0916,"Mass Market",1400882.52,615629.45,Savings
CUST0917,"High Value",1252004.10,1160035.69,Salary
CUST0918,"Mass Market",1306939.13,730977.12,Current
CUST0919,"Mid Tier",759541.99,1347323.17,NRI
CUST0920,"High Value",1111155.78,1362564.25,Salary
CUST0921,"Mass Market",1113589.16,140251.04,NRI
CUST0922,"Mass Market",415181.04,1405375.06,Savings
CUST0923,"High Value",1988648.78,1240046.91,NRI
CUST0924,"High Value",1216309.75,1189052.96,Current
CUST0925,"Mass Market",2108795.75,309357.90,Current
CUST0926,"High Value",2170765.60,1209627.62,Savings
CUST0927,"Mid Tier",766386.92,1276697.77,Current
CUST0928,"Mass Market",1746177.66,440834.00,Current
CUST0929,"High Value",1339019.97,1428867.52,Salary
CUST0930,"Mass Market",2236344.82,84291.62,NRI
CUST0931,"Mid Tier",774629.49,233364.79,Savings
CUST0932,"High Value",1791189.04,810995.90,Savings
CUST0933,"High Value",1637054.67,867930.78,Savings
CUST0934,"Mid Tier",949663.25,971273.62,Savings
CUST0935,"Mid Tier",600521.99,35284.00,Savings
CUST0936,"High Value",1733607.47,1440946.49,Current
CUST0937,"Mass Market",1924914.41,76436.26,Salary
CUST0938,"Mid Tier",994380.16,223162.31,Savings
CUST0939,"Mass Market",1718631.73,30881.63,Salary
CUST0940,"High Value",1169288.00,854619.07,Salary
CUST0941,"High Value",1869055.14,1399077.66,Current
CUST0942,"Mid Tier",738273.60,1002261.28,Savings
CUST0943,"High Value",2258473.01,1235759.63,Current
CUST0944,"Mid Tier",932301.11,29788.99,Savings
CUST0945,"High Value",1109129.17,817602.79,Current
CUST0946,"Mass Market",427802.29,694748.84,Salary
CUST0947,"Mid Tier",545326.87,753462.24,Savings
CUST0948,"Mass Market",1434896.19,117597.65,NRI
CUST0949,"Mid Tier",888703.89,1029808.69,Salary
CUST0950,"Mass Market",2138056.50,759798.42,NRI
CUST0951,"Mass Market",332325.46,1150071.79,Salary
CUST0952,"Mass Market",1134006.91,733083.04,Current
CUST0953,"Mass Market",1042160.20,232578.64,Savings
CUST0954,"Mass Market",342520.79,975902.86,Salary
CUST0955,"Mid Tier",573610.48,266855.68,Current
CUST0956,"High Value",1210013.88,1309867.90,Savings
CUST0957,"High Value",1384302.09,923543.20,Savings
CUST0958,"Mass Market",1189437.44,244233.79,Salary
CUST0959,"High Value",1468062.89,1443883.71,Savings
CUST0960,"Mass Market",1609289.68,782364.54,Salary
CUST0961,"Mass Market",321832.41,118618.69,Savings
CUST0962,"High Value",1321009.35,943981.03,NRI
CUST0963,"Mass Market",2419698.33,387266.37,Current
CUST0964,"High Value",1441871.02,1207503.24,NRI
CUST0965,"High Value",1790592.99,1228554.89,Salary
CUST0966,"Mid Tier",986100.49,1468631.56,NRI
CUST0967,"Mass Market",2002781.03,757785.60,Salary
CUST0968,"Mass Market",2000427.26,687885.75,Savings
CUST0969,"High Value",1446851.30,1132678.65,Savings
CUST0970,"Mass Market",2447230.41,207381.28,Salary
CUST0971,"Mid Tier",576210.47,824904.12,NRI
CUST0972,"Mass Market",337284.86,823908.92,Savings
CUST0973,"Mass Market",1994348.07,143314.95,Current
CUST0974,"Mass Market",2075742.18,632796.29,Savings
CUST0975,"Mid Tier",564455.90,1281394.35,Current
CUST0976,"Mid Tier",884282.23,1285668.90,NRI
CUST0977,"Mass Market",338615.20,157864.12,Current
CUST0978,"Mid Tier",945278.94,145174.12,Current
CUST0979,"Mass Market",2000912.12,401416.26,Current
CUST0980,"High Value",1439513.16,1313401.43,Current
CUST0981,"Mass Market",1065810.30,202064.85,Savings
CUST0982,"High Value",1117826.45,1082795.24,Current
CUST0983,"Mass Market",302977.98,160736.77,Savings
CUST0984,"Mid Tier",959561.16,938475.40,Current
CUST0985,"Mass Market",1722209.23,540540.28,Salary
CUST0986,"High Value",2443227.78,1185481.80,NRI
CUST0987,"Mass Market",2163533.82,358198.77,Current
CUST0988,"Mass Market",351908.92,962410.73,Salary
CUST0989,"Mass Market",2276833.33,361166.98,Current
CUST0990,"High Value",2023036.51,1073353.82,Current
CUST0991,"High Value",2016827.47,1311780.27,Current
CUST0992,"Mass Market",1307590.67,198934.68,Salary
CUST0993,"High Value",1175611.64,1301227.58,NRI
CUST0994,"Mid Tier",966414.60,894427.13,Salary
CUST0995,"Mass Market",444528.69,199394.63,NRI
CUST0996,"Mid Tier",802117.80,647037.36,Current
CUST0997,"Mid Tier",842528.00,249681.84,Savings
CUST0998,"High Value",1364969.55,1053518.35,Current
CUST0999,"High Value",1944377.69,1140713.52,NRI
CUST1000,"Mass Market",1342381.62,167636.82,Salary
